Equipo,Dato Curioso
FC Barcelona,El FC Barcelona es el único equipo que ha jugado en todas las temporadas de la Liga Española desde su creación en 1929.
Real Madrid,El Real Madrid tiene el récord de más títulos de Liga con un total de 35 campeonatos ganados.
Atlético de Madrid,El Atlético de Madrid fue el primer equipo en utilizar dorsales en sus camisetas en 1947.
Sevilla FC,El Sevilla FC fue el primer equipo español en ganar la UEFA Europa League logrando su primer título en 2006.
Real Betis,El Real Betis fue el primer equipo andaluz en ganar la Liga Española en la temporada 1934-35.
Athletic Club,El Athletic Club es uno de los tres equipos que nunca ha descendido de la Primera División junto con el Real Madrid y el FC Barcelona.
Valencia CF,El Valencia CF es conocido por su famosa academia de fútbol la "Ciudad Deportiva de Paterna" que ha producido muchos jugadores talentosos.
Villarreal CF,El Villarreal CF es apodado "El Submarino Amarillo" debido a su uniforme amarillo y su ascenso meteórico en el fútbol español.
Real Sociedad,La Real Sociedad ganó la Liga Española en dos temporadas consecutivas 1980-81 y 1981-82.
Real Valladolid,El Real Valladolid es conocido por su estadio el José Zorrilla que ha sido sede de varios eventos importantes incluyendo partidos de la Copa del Mundo de 1982.
RC Celta,El RC Celta es conocido por su cantera que ha producido muchos jugadores talentosos que han llegado a jugar en equipos de élite.
RCD Espanyol,El RCD Espanyol es uno de los equipos más antiguos de España fundado en 1900.
RCD Mallorca,El RCD Mallorca ganó la Copa del Rey en la temporada 2002-03 su primer y único título de copa.
Getafe CF,El Getafe CF ha logrado mantenerse en la Primera División durante varias temporadas consecutivas desde su ascenso en 2004.
Deportivo Alavés,El Deportivo Alavés llegó a la final de la Copa de la UEFA en la temporada 2000-01 perdiendo en un emocionante partido contra el Liverpool.
CA Osasuna,El CA Osasuna es conocido por su fuerte apoyo local y su estadio El Sadar es uno de los más difíciles para los equipos visitantes.
UD Las Palmas,La UD Las Palmas es famosa por su cantera que ha producido jugadores como David Silva y Pedri.
Girona FC,El Girona FC logró su primer ascenso a la Primera División en la temporada 2016-17.
CD Leganés,El CD Leganés es conocido por su apodo "Los Pepineros" debido a la tradición agrícola de la ciudad de Leganés.
Rayo Vallecano,El Rayo Vallecano es conocido por su fuerte identidad de barrio y su compromiso con causas sociales.
